﻿<?xml version="1.0" encoding="utf-8" ?>
<configuration>
  <products>
    <BillMatrix>
      <feature>Autopay response file</feature>
      <feature>MAM</feature>
      <feature>L3</feature>
      <feature>BDS</feature>
      <feature>Agent web</feature>
      <feature>Consumer web</feature>
      <feature>MW</feature>
      <feature>Merchant ID</feature>
      <feature>Axis</feature>
      <feature>Info portal and reports</feature>
      <feature>Autopay request file</feature>   
    </BillMatrix>
    <BillMatrixNXT>
      <feature>MAM</feature>
      <feature>BDS</feature>
      <feature>Agent web</feature>
      <feature>Consumer web</feature>
      <feature>MW</feature>
      <feature>Merchant ID</feature>
      <feature>Axis</feature>
    </BillMatrixNXT>
    <WalkIn>
      <feature>MAM</feature>
      <feature>Autopay response file</feature>
      <feature>L3</feature>
      <feature>BDS</feature>
      <feature>Agent web</feature>
    </WalkIn>
    <eBill>
      <feature>MAM</feature>
      <feature>BDS</feature>
      <feature>Agent web</feature>
      <feature>Consumer web</feature>
      <feature>MW</feature>
      <feature>Merchant ID</feature>
      <feature>Axis</feature>
      <feature>Info portal and reports</feature>
      <feature>Autopay request file</feature>
    </eBill>
  </products>
</configuration>