<?xml version="1.0"?>
<DeploymentManifest xmlns:xsi="http://www.w3.org/2001/XMLSchema-instance"
                    xmlns:xsd="http://www.w3.org/2001/XMLSchema"
                    xmlns="fiserv/BillerSolutions/OnDemand/DeploymentManifest/Types/v20151001">
  <Manifest d2p1:Environment="DEV" d2p1:CommaDelimitedServers="NpkDevAsa01"
            d2p1:PerformBackUp="true"
            d2p1:BackUpSrcFolder="C:\Program Files\BillMatrix\AutoSysWrappers\AutoSys_UnZip"
            d2p1:BackUpDestFolder="\\npklwrnas01\DEVFileStoreRoot\BackUps\DEV"
            xmlns:d2p1="fiserv/BillerSolutions/OnDemand/DeploymentManifest/Types/v20151001">
    <d2p1:DeployInstructions>
      <d2p1:Instructions d2p1:SrcFolder="Deploy\*"
                           d2p1:SrcFileMask="*"
                           d2p1:DestFolder="C:\Program Files\BillMatrix\AutoSysWrappers" />
    </d2p1:DeployInstructions>
  </Manifest>
   <Manifest d2p1:Environment="STAGE-CI" d2p1:CommaDelimitedServers="NWIPPASA01,NWIPPASA02,NWIPGWY03,NWIPGWY04"
            d2p1:PerformBackUp="true"
            d2p1:BackUpSrcFolder="C:\Program Files\BillMatrix\AutoSysWrappers"
            d2p1:BackUpDestFolder="\\npklwrnas01\DEVFileStoreRoot\BackUps\STAGE-CI"
            xmlns:d2p1="fiserv/BillerSolutions/OnDemand/DeploymentManifest/Types/v20151001">
    <d2p1:DeployInstructions>
      <d2p1:Instructions d2p1:SrcFolder="Deploy\*"
                         d2p1:SrcFileMask="*"
                         d2p1:DestFolder="C:\Program Files\BillMatrix\AutoSysWrappers" />
    </d2p1:DeployInstructions>
  </Manifest>
  <Manifest d2p1:Environment="CT" d2p1:CommaDelimitedServers="nwcppasa01,nwcppasa02,NWCPGWY03"
              d2p1:PerformBackUp="true"
              d2p1:BackUpSrcFolder="C:\Program Files\BillMatrix\AutoSysWrappers"
              d2p1:BackUpDestFolder="\\npklwrnas01\DEVFileStoreRoot\BackUps\CT"
              xmlns:d2p1="fiserv/BillerSolutions/OnDemand/DeploymentManifest/Types/v20151001">
    <d2p1:DeployInstructions>
      <d2p1:Instructions d2p1:SrcFolder="Deploy\*"
                         d2p1:SrcFileMask="*"
                         d2p1:DestFolder="C:\Program Files\BillMatrix\AutoSysWrappers" />
    </d2p1:DeployInstructions>
  </Manifest>
  <Manifest d2p1:Environment="PROD-CHI" d2p1:CommaDelimitedServers="CHIproasa01,CHIproasa02,CHIproasa03,CHIprogwy38,CHIprogwy39,Qwppproasa01,Qwppproasa02,Qwppproasa03"
          d2p1:PerformBackUp="true"
          d2p1:BackUpSrcFolder="C:\Program Files\BillMatrix\AutoSysWrappers"
          d2p1:BackUpDestFolder="\\DALPRONASC01V01\Deploy\BackUps\PROD-CHI"
          xmlns:d2p1="fiserv/BillerSolutions/OnDemand/DeploymentManifest/Types/v20151001">
    <d2p1:DeployInstructions>
      <d2p1:Instructions d2p1:SrcFolder="Deploy\*"
                         d2p1:SrcFileMask="*"
                         d2p1:DestFolder="C:\Program Files\BillMatrix\AutoSysWrappers" />
    </d2p1:DeployInstructions>
  </Manifest>
  <Manifest d2p1:Environment="PROD-DAL" d2p1:CommaDelimitedServers="DALproasa01,DALproasa02,DALproasa03,DALprogwy38,DALprogwy39,Twppproasa01,Twppproasa02,Twppproasa03"
          d2p1:PerformBackUp="true"
          d2p1:BackUpSrcFolder="C:\Program Files\BillMatrix\AutoSysWrappers"
          d2p1:BackUpDestFolder="\\DALPRONASC01V01\Deploy\BackUps\PROD-DAL"
          xmlns:d2p1="fiserv/BillerSolutions/OnDemand/DeploymentManifest/Types/v20151001">
    <d2p1:DeployInstructions>
      <d2p1:Instructions d2p1:SrcFolder="Deploy\*"
                         d2p1:SrcFileMask="*"
                         d2p1:DestFolder="C:\Program Files\BillMatrix\AutoSysWrappers" />
    </d2p1:DeployInstructions>
  </Manifest>


</DeploymentManifest>
