﻿<?xml version="1.0"?>
<EnvVariableContainer
  xmlns:xsi="http://www.w3.org/2001/XMLSchema-instance"
  xmlns:xsd="http://www.w3.org/2001/XMLSchema"
  xmlns="fiserv/BillerSolutions/OnDemand/EnvVariable/Types/v20150207">
  <EnvVariables>
    <EnvVariableName>EndPointAddress</EnvVariableName>
    <EnvVariableValue>https://nwipntf01:5144/EmailNotification.svc</EnvVariableValue>
  </EnvVariables>
  <EnvVariables>
    <EnvVariableName>Connectionstrings</EnvVariableName>
    <EnvVariableValue>Persist Security Info=False;Integrated Security=SSPI;Initial Catalog=TRANS;Data Source=NPKDEVDAT03</EnvVariableValue>
  </EnvVariables>
</EnvVariableContainer>