﻿<?xml version="1.0" encoding="utf-8" ?>
<root>
  <SqlJob region="DEV">
    <JobDetails jobname="test_sai_1">      
      <parameters>@waitForDelay</parameters>
    </JobDetails>
    <JobDetails jobname="testJob1">     
      <parameters></parameters>
    </JobDetails>
  </SqlJob>
  <SqlJob region="STAGE">
    <JobDetails jobname="test_sai_1">     
      <parameters>@waitForDelay</parameters>
    </JobDetails>
    <JobDetails name="testJob1">      
      <parameters></parameters>
    </JobDetails>
  </SqlJob>
  <SqlJob region="CT">
    <JobDetails jobname="test_sai_1">      
      <parameters>@waitForDelay</parameters>
    </JobDetails>
    <JobDetails jobname="testJob1">      
      <parameters></parameters>
    </JobDetails>
  </SqlJob>
</root>